{"1": [1743998660.508752, 1], "2": [1743998700.2666798, 1], "3": [1743998766.027201, 1], "4": [1743998818.6899064, 1], "5": [1743998875.4448066, 1], "6": [1743998947.5978088, 1], "7": [1743999019.4065363, 1], "8": [1743999081.9556878, 1], "9": [1743999159.3612282, 1], "10": [1743597637.2424524, 1]}