{"1": [1743901168.8070886, 1], "2": [1743901204.8198457, 1], "3": [1743901244.7729254, 1], "4": [1743901281.5076756, 1], "5": [1743901356.98544, 1], "6": [1743901416.2831523, 1], "7": [1743901484.9925318, 1], "8": [1743901547.2149217, 1], "9": [1743901605.5783834, 1], "10": [1743597637.2424524, 1]}