{"1": [1744243273.5700727, 1], "2": [1744243305.7838879, 1], "3": [1744243339.991224, 1], "4": [1744243366.1808524, 1], "5": [1744243395.0869892, 1], "6": [1744243422.5593772, 1], "7": [1744243451.361161, 1], "8": [1744243477.46199, 1], "9": [1744243505.8204515, 1], "10": [1743597637.2424524, 1]}