{"1": [1743642620.5465434, 1], "2": [1743642652.103986, 1], "3": [1743642710.0093977, 1], "4": [1743642751.4595578, 1], "5": [1743642799.9627416, 1], "6": [1743642846.3894086, 1], "7": [1743642891.7553923, 1], "8": [1743642936.4790342, 1], "9": [1743642984.5089538, 1], "10": [1743597637.2424524, 1]}