{"1": [1743598446.9106853, 1], "2": [1743598492.6901681, 1], "3": [1743598534.702979, 1], "4": [1743598571.0451062, 1], "5": [1743598607.1444848, 1], "6": [1743598646.8137195, 1], "7": [1743598688.8713448, 1], "8": [1743598729.8134286, 1], "9": [1743598771.3951194, 1], "10": [1743597637.2424524, 1]}