{"1": [0, -1], "2": [1743215895.8392012, 10], "3": [1743371718.5519602, 7], "4": [1743369333.3279777, 10], "5": [0, -1], "6": [1743120650.9889853, 10], "7": [1743379876.5816772, 1], "8": [1743375350.07766, 10], "9": [1743372359.2419965, 1], "10": [0, -1]}