{"1": [0, -1], "2": [1743215895.8392012, 10], "3": [1743228959.2372198, 6], "4": [0, -1], "5": [0, -1], "6": [1743120650.9889853, 10], "7": [0, -1], "8": [0, -1], "9": [0, -1], "10": [0, -1]}