{"1": [0, -1], "2": [1743057199.7883246, 8], "3": [0, -1], "4": [0, -1], "5": [0, -1], "6": [1743120650.9889853, 10], "7": [0, -1], "8": [0, -1], "9": [0, -1], "10": [0, -1]}